SET SEARCH_PATH TO VacationSchema;

-- from PSQL, serial is between 1 to 2147483647


INSERT INTO
	Host(host_id, email_address)
VALUES
	(111, 'host1@gmail.com'),
	(222, 'host2@outlook.com')
;


INSERT INTO
	Property(property_id, host_id, num_bedrooms, num_bathrooms, capacity, address)
VALUES
	(100, 111, 3, 2, 3, '123 Greenwich St'),
	(200, 222, 1, 1, 2, '318 Bedford Ave'),
	(300, 111, 2, 2, 2, '265 Bowery St'),
	(400, 111, 3, 2, 4, '215 Murray St'),
	(500, 222, 2, 1, 2, '900 Exposition Blvd'),
	(600, 222, 1, 1, 1, '151 3rd St'),
	(700, 111, 2, 2, 2, '1 Coxcomb Dr'),
	(800, 111, 4, 2, 4, '275 Poyser St'),
	(900, 222, 3, 2, 5, '24 Thicket Rd'),
	(1000, 222, 2, 1, 2, '964 Riverside Rd')
;


INSERT INTO
	CityProperty(city_property_id, walkability_score, closest_transit_type)
VALUES
	(100, 85, 'subway'),
	(200, 76, 'bus'),
	(300, 90, 'LRT'),
	(400, 80, 'subway'),
	(800, 34, 'bus'),
	(1000, 79, 'subway')
;


INSERT INTO
	WaterProperty(water_property_id, property_id, water_type, lifeguards_offered)
VALUES
	(1, 400, 'lake', false),
	(2, 400, 'pool', true),
	(3, 600, 'pool', false),
	(4, 600, 'beach', true),
	(5, 800, 'beach', false),
	(6, 900, 'lake', false)
;


INSERT INTO
	LuxuryType(lux_id, property_id, luxury_type)
VALUES
	(1, 100, 'concierge service'),
	(2, 200, 'hot tub'),
	(3, 200, 'sauna'),
	(4, 200, 'laundry service'),
	(5, 300, 'daily cleaning'),
	(6, 400, 'hot tub'),
	(7, 400, 'daily breakfast delivery'),
	(8, 500, 'concierge service'),
	(9, 600, 'sauna'),
	(10, 600, 'laundry service'),
	(11, 700, 'daily cleaning'),
	(12, 800, 'daily cleaning'),
	(13, 800, 'laundry service'),
	(14, 900, 'daily breakfast delivery'),
	(15, 1000, 'sauna'),
	(16, 1000, 'concierge service')
;


INSERT INTO
	Guest(guest_id, name, address, date_of_birth)
VALUES
	(123, 'Erin Quinn', '555 Derry St', '1982-11-27'),
	(234, 'Clare Devlin', '825 Carlin Terrace', '1982-06-24'),
	(345, 'Orla McCool', '555 Derry St', '1982-12-14'),
	(456, 'Michelle Mallon', '174 Violet St', '1982-04-06'),
	(567, 'James Maguire', '174 Violet St', '1982-02-27'),
	(888, 'Jenny Joyce', '18 Orchard St', '1981-03-28'),
	(999, 'George Michael', '20 Ardmore Rd', '1969-03-13'),
	(1111, 'Dan Howell', '32 Pheal Rd', '1991-05-11'),
	(2222, 'Phil Lester', '32 Pheal Rd', '1987-01-30')
;


INSERT INTO
	Renter(renter_id, credit_card_num)
VALUES
	(123, '123456789012'),
	(456, '826595720057'),
	(888, '111111111111'),
	(999, '222222222222'), 
	(1111, '333333333333'),
	(234, '123456789012'),
	(567, '444444444444'),
	(2222, '333333333333')
;


INSERT INTO
	RentalPeriod(rental_id, property_id, renter_id, arrival_date, duration_weeks)
VALUES
	(1, 100, 123, '2025-11-22', 2),
	(2, 400, 456, '2025-12-20', 1),
	(3, 200, 888, '2025-11-29', 3),
	(4, 300, 999, '2025-12-13', 2),
	(5, 500, 1111, '2025-12-06', 2),
	(6, 700, 234, '2025-12-13', 4),
	(7, 800, 567, '2025-12-20', 1),
	(8, 900, 2222, '2025-12-27', 1),
	(9, 1000, 456, '2026-01-10', 2),
	(10, 600, 123, '2026-01-03', 1),
	(11, 100, 123, '2026-02-07', 1),
	(12, 400, 456, '2026-02-14', 1),
	(13, 200, 888, '2026-02-14', 1),
	(14, 300, 999, '2026-02-14', 1),
	(15, 500, 1111, '2026-02-21', 1),
	(16, 700, 234, '2026-02-21', 1),
	(17, 800, 567, '2026-02-28', 1),
	(18, 900, 2222, '2026-03-07', 1),
	(19, 1000, 456, '2026-03-21', 1),
	(20, 600, 123, '2026-03-28', 1),
  	(21, 100, 123, '2026-04-04', 2), 
	(22, 400, 456, '2026-04-11', 1), 
	(23, 200, 888, '2026-04-18', 3), 
	(24, 300, 999, '2026-04-25', 2), 
	(25, 500, 1111, '2026-05-02', 2), 
	(26, 700, 234, '2026-05-09', 4), 
	(27, 800, 567, '2026-05-16', 1), 
	(28, 900, 2222, '2026-05-23', 1), 
	(29, 1000, 456, '2026-05-30', 2), 
	(30, 600, 123, '2026-06-06', 1), 
	(31, 100, 123, '2026-06-13', 1),
	(32, 400, 456, '2026-06-20', 1),
	(33, 200, 888, '2026-06-27', 1),
	(34, 300, 999, '2026-07-04', 1),
	(35, 500, 1111, '2026-07-11', 1),
	(36, 700, 234, '2026-07-18', 1),
	(37, 800, 567, '2026-07-25', 1),
	(38, 900, 2222, '2026-08-01', 1),
	(39, 1000, 456, '2026-08-08', 1),
	(40, 600, 123, '2026-08-15', 1)
;


INSERT INTO
	WeeklyPrices(weekly_price_id, rental_id, week_num, property_price)
VALUES
	(1, 1, 1, 2200.00),
	(2, 1, 2, 2000.00),
	(3, 2, 1, 1500.00),
	(4, 3, 1, 1000.00),
	(5, 4, 1, 1000.00),
	(6, 4, 2, 1800.00),
	(7, 5, 1, 600.00),
	(8, 6, 1, 1800.00),
	(9, 6, 3, 1500.00),
	(10, 7, 1, 1300.00),
	(11, 8, 1, 700.00),
	(12, 9, 1, 2300.00),
	(13, 10, 1, 950.00),
	(14, 11, 1, 2200.00),
	(15, 12, 1, 2000.00),
	(16, 13, 1, 1500.00),
	(17, 14, 1, 1000.00),
	(18, 15, 1, 1000.00),
	(19, 16, 1, 1800.00),
	(20, 17, 1, 600.00),
	(21, 18, 1, 1800.00),
	(22, 19, 1, 1500.00),
	(23, 20, 1, 1300.00),
 	(24, 21, 1, 1300.00),
	(25, 22, 1, 500.00),
	(26, 23, 1, 2300.00),
	(27, 24, 1, 950.00),
	(28, 25, 1, 2200.00),
	(29, 26, 1, 2000.00),
	(30, 27, 1, 1500.00),
	(31, 28, 1, 1000.00),
	(32, 29, 1, 1000.00),
	(33, 30, 1, 1800.00),
	(34, 31, 1, 600.00),
	(35, 32, 1, 1800.00),
	(36, 33, 1, 1500.00),
	(37, 34, 1, 1300.00),
  	(38, 35, 1, 1000.00),
	(39, 36, 1, 1800.00),
	(40, 37, 1, 600.00),
	(41, 38, 1, 1800.00),
	(42, 39, 1, 1500.00),
	(43, 40, 1, 1300.00)
;


INSERT INTO
	RentalGuests(rental_guest_id, rental_id, guest_id)
VALUES
	(1, 1, 234),
	(2, 1, 345),
	(3, 2, 567),
	(4, 5, 2222),
	(5, 6, 123),
	(6, 7, 123),
	(7, 7, 456),
	(8, 7, 345),
	(9, 8, 1111),
	(10, 8, 999),
	(11, 8, 888),
	(12, 8, 234),
	(13, 4, 888),
	(14, 9, 345),
	(15, 3, 456),
	(16, 13, 123),
	(17, 14, 1111),
	(18, 16, 2222),
	(19, 19, 345),
	(20, 23, 1111),
	(21, 25, 2222),
	(22, 29, 123),
	(23, 36, 456)
;


INSERT INTO
	PropertyRating(p_rating_id, rental_id, guest_id, property_rating, comment)
VALUES
	(1, 1, 123, 5, 'Had a great time!'),
	(2, 1, 234, 4, 'Lovely home but no AC!'),
	(3, 1, 345, 5, NULL),
	(4, 2, 456, 4, 'Would visit again!'),
	(5, 5, 1111, 5, 'Almost died but overall fun time!')
;


INSERT INTO
	HostRating(h_rating_id, rental_id, host_rating)
VALUES
	(1, 1, 5),
	(2, 2, 4),
	(3, 3, 5),
	(4, 4, 5),
	(5, 5, 4),
	(6, 6, 2),
	(7, 7, 1),
	(8, 8, 5),
	(9, 9, 2),
	(10, 10, 1),
	(11, 11, 5),
	(12, 12, 4),
	(13, 13, 5),
	(14, 14, 5),
	(15, 15, 4),
	(16, 16, 2),
	(17, 17, 1),
	(18, 18, 5),
	(19, 19, 2),
	(20, 20, 1)
;





